filename,width,height,class,xmin,ymin,xmax,ymax
01346851.jpg,400,266,tire,96,56,308,219
106807090-used-car-tires-remained-in-nature-the-old-unnecessary-tire-of-car-remained-in-the-water-the-problem-.jpg,450,300,tire,115,30,257,105
106807090-used-car-tires-remained-in-nature-the-old-unnecessary-tire-of-car-remained-in-the-water-the-problem-.jpg,450,300,tire,96,107,181,154
106807090-used-car-tires-remained-in-nature-the-old-unnecessary-tire-of-car-remained-in-the-water-the-problem-.jpg,450,300,tire,394,25,450,68
106807092-used-car-tires-remained-in-nature-the-old-unnecessary-tire-of-car-remained-in-the-water-the-problem-.jpg,450,270,tire,211,83,393,202
106807093-used-car-tires-remained-in-nature-the-old-unnecessary-tire-of-car-remained-in-the-water-the-problem-.jpg,450,300,tire,53,108,240,234
1254422126-dscn2219.jpg,400,300,tire,141,157,223,204
1254422126-dscn2219.jpg,400,300,tire,184,89,221,124
1254422126-dscn2219.jpg,400,300,tire,153,83,185,122
1254422126-dscn2219.jpg,400,300,tire,156,133,229,164
1651104.jpg,300,199,tire,81,95,184,190
19237920_1691965624444052_412748750417255506_o.jpg,800,600,bottle,382,248,566,406
19237920_1691965624444052_412748750417255506_o.jpg,800,600,tire,412,1,800,309
20160210_Tires_012-PROMO.jpg,400,267,tire,1,126,165,266
20160210_Tires_012-PROMO.jpg,400,267,tire,162,159,303,255
20160210_Tires_012-PROMO.jpg,400,267,tire,188,1,358,107
20160210_Tires_012-PROMO.jpg,400,267,tire,71,23,185,161
20160210_Tires_012-PROMO.jpg,400,267,tire,1,8,107,154
22218480_1728230370817577_252868984393558144_o.jpg,800,535,bottle,193,327,289,408
22218480_1728230370817577_252868984393558144_o.jpg,800,535,bottle,183,404,292,535
22218480_1728230370817577_252868984393558144_o.jpg,800,535,tire,238,151,510,289
22309041_1730003870640227_2319966365822406631_n.jpg,450,600,bottle,74,472,359,576
22338752_1730003140640300_8021574529687915445_o.jpg,800,600,bottle,128,1,250,239
22339027_1730004927306788_2130857591386628458_o.jpg,800,600,bottle,437,259,537,311
22339027_1730004927306788_2130857591386628458_o.jpg,800,600,bottle,408,460,514,600
22339027_1730004927306788_2130857591386628458_o.jpg,800,600,bottle,77,439,162,600
22339671_1730004800640134_3904414858244116992_o.jpg,800,600,bottle,589,257,800,381
22339671_1730004800640134_3904414858244116992_o.jpg,800,600,bottle,471,63,584,164
22384310_1730004723973475_2170816289849006315_o.jpg,800,600,bottle,366,84,479,155
22424449_1730003747306906_3631184797441846821_o.jpg,800,600,bottle,247,246,358,309
22424449_1730003747306906_3631184797441846821_o.jpg,800,600,bottle,466,433,573,526
22424449_1730003747306906_3631184797441846821_o.jpg,800,600,bottle,1,295,79,340
22424449_1730003747306906_3631184797441846821_o.jpg,800,600,bottle,116,311,162,409
22424449_1730003747306906_3631184797441846821_o.jpg,800,600,bottle,189,473,336,566
29064383_1793716574268956_4972084330311969741_o.jpg,800,600,bottle,5,92,231,203
29064383_1793716574268956_4972084330311969741_o.jpg,800,600,bottle,347,197,464,405
29064383_1793716574268956_4972084330311969741_o.jpg,800,600,bottle,364,14,626,333
29354802_1793716710935609_7570561861531486025_o.jpg,800,600,bottle,212,372,370,447
29354802_1793716710935609_7570561861531486025_o.jpg,800,600,bottle,442,340,553,575
29354802_1793716710935609_7570561861531486025_o.jpg,800,600,bottle,492,268,615,321
29354802_1793716710935609_7570561861531486025_o.jpg,800,600,bottle,405,185,554,244
29354802_1793716710935609_7570561861531486025_o.jpg,800,600,bottle,597,150,718,198
29354802_1793716710935609_7570561861531486025_o.jpg,800,600,bottle,402,129,501,164
29354802_1793716710935609_7570561861531486025_o.jpg,800,600,bottle,700,56,779,87
29354802_1793716710935609_7570561861531486025_o.jpg,800,600,bottle,106,196,182,230
29432928_1790841591223121_634885085056729088_o.jpg,800,600,bottle,28,47,800,481
30705741_1802063950100885_1747041242581041152_o.jpg,800,600,tire,237,128,726,501
31297833_1804797849827495_2019400400314040320_o.jpg,800,600,bottle,365,112,626,271
31743506_1808163799490900_1018253152933117952_o.jpg,800,600,bottle,303,147,634,368
31743506_1808163799490900_1018253152933117952_o.jpg,800,600,bottle,142,265,395,600
31788487_1808162762824337_6079116171255218176_o.jpg,800,600,bottle,143,79,218,155
31788487_1808162762824337_6079116171255218176_o.jpg,800,600,bottle,545,46,624,86
31788487_1808162762824337_6079116171255218176_o.jpg,800,600,bottle,487,238,568,271
32599653_1813222678985012_1142163079681802240_n.jpg,800,450,bottle,218,1,623,400
33663271_1818060358501244_489815615377244160_o.jpg,800,600,bottle,328,82,617,251
33676924_1818059871834626_2835613721798115328_o.jpg,800,600,bottle,396,326,599,506
3613946075_4f953e1fc1_b.jpg,360,478,tire,1,77,299,433
3N7LLMNHFSFE25SOYJBMR2NCOU.jpg,400,266,tire,91,82,213,151
3N7LLMNHFSFE25SOYJBMR2NCOU.jpg,400,266,tire,141,116,320,215
3N7LLMNHFSFE25SOYJBMR2NCOU.jpg,400,266,tire,227,175,393,249
42860161_1908726786101267_5172427237672091648_n.jpg,450,600,bottle,157,457,221,530
42860161_1908726786101267_5172427237672091648_n.jpg,450,600,bottle,124,454,186,522
42860161_1908726786101267_5172427237672091648_n.jpg,450,600,bottle,162,330,225,403
42860161_1908726786101267_5172427237672091648_n.jpg,450,600,bottle,305,332,375,362
42860161_1908726786101267_5172427237672091648_n.jpg,450,600,bottle,99,245,132,321
42860161_1908726786101267_5172427237672091648_n.jpg,450,600,bottle,54,172,96,240
42860161_1908726786101267_5172427237672091648_n.jpg,450,600,bottle,1,264,48,331
42860161_1908726786101267_5172427237672091648_n.jpg,450,600,bottle,409,90,437,140
42860161_1908726786101267_5172427237672091648_n.jpg,450,600,bottle,264,319,305,384
42896637_1908726686101277_8445507851291459584_n.jpg,450,600,bottle,147,168,338,316
42896637_1908726686101277_8445507851291459584_n.jpg,450,600,bottle,91,40,169,192
42896637_1908726686101277_8445507851291459584_n.jpg,450,600,bottle,372,51,450,311
42914375_1908725849434694_4665452802745565184_n.jpg,450,600,bottle,214,344,258,411
42914375_1908725849434694_4665452802745565184_n.jpg,450,600,bottle,57,266,83,305
42914375_1908725849434694_4665452802745565184_n.jpg,450,600,bottle,364,539,399,585
42914375_1908725849434694_4665452802745565184_n.jpg,450,600,bottle,242,351,303,385
42914375_1908725849434694_4665452802745565184_n.jpg,450,600,tire,247,385,387,531
44994482_1921225144851431_281225645269188608_o.jpg,800,445,tire,124,66,342,237
45041841_1921225494851396_7618051963283832832_o.jpg,800,600,bottle,360,301,441,353
45041841_1921225494851396_7618051963283832832_o.jpg,800,600,bottle,292,406,368,447
45041841_1921225494851396_7618051963283832832_o.jpg,800,600,bottle,484,300,567,340
45041841_1921225494851396_7618051963283832832_o.jpg,800,600,bottle,495,271,584,309
45092020_1921225421518070_3435221788026470400_o.jpg,800,600,bottle,82,393,157,460
47220486_1939017756405503_4781339515836956672_o.jpg,800,600,tire,484,118,734,239
47220486_1939017756405503_4781339515836956672_o.jpg,800,600,tire,258,145,542,323
47220486_1939017756405503_4781339515836956672_o.jpg,800,600,tire,1,248,390,560
47230073_1939016633072282_2952014185992552448_o.jpg,800,600,bottle,494,61,537,152
47230073_1939016633072282_2952014185992552448_o.jpg,800,600,bottle,406,230,560,328
47230073_1939016633072282_2952014185992552448_o.jpg,800,600,bottle,305,259,363,384
47230073_1939016633072282_2952014185992552448_o.jpg,800,600,bottle,216,289,310,370
47230073_1939016633072282_2952014185992552448_o.jpg,800,600,bottle,129,184,177,264
47230073_1939016633072282_2952014185992552448_o.jpg,800,600,bottle,337,266,431,363
47230073_1939016633072282_2952014185992552448_o.jpg,800,600,bottle,569,43,626,113
47232871_1939017669738845_8629406694364938240_o.jpg,800,600,bottle,196,386,471,476
47232871_1939017669738845_8629406694364938240_o.jpg,800,600,bottle,547,321,746,461
47232871_1939017669738845_8629406694364938240_o.jpg,800,600,bottle,404,308,564,472
47232871_1939017669738845_8629406694364938240_o.jpg,800,600,bottle,518,221,692,310
47232871_1939017669738845_8629406694364938240_o.jpg,800,600,bottle,318,39,373,119
47232871_1939017669738845_8629406694364938240_o.jpg,800,600,bottle,138,98,219,198
47232871_1939017669738845_8629406694364938240_o.jpg,800,600,bottle,102,55,239,139
47232871_1939017669738845_8629406694364938240_o.jpg,800,600,bottle,174,214,283,332
47242154_1939017103072235_3756354182055985152_n.jpg,450,600,bottle,190,269,372,322
47242154_1939017103072235_3756354182055985152_n.jpg,450,600,bottle,253,180,305,282
47242154_1939017103072235_3756354182055985152_n.jpg,450,600,bottle,295,174,343,225
47242154_1939017103072235_3756354182055985152_n.jpg,450,600,bottle,77,133,119,186
47276347_1939016359738976_6218670026753310720_o.jpg,800,600,tire,195,213,368,332
47276347_1939016359738976_6218670026753310720_o.jpg,800,600,tire,549,284,779,464
47289370_1939016426405636_7685210786343419904_o.jpg,800,600,bottle,28,453,122,584
47289370_1939016426405636_7685210786343419904_o.jpg,800,600,bottle,153,290,284,429
47289370_1939016426405636_7685210786343419904_o.jpg,800,600,bottle,295,127,353,178
47289370_1939016426405636_7685210786343419904_o.jpg,800,600,bottle,644,295,724,378
47289370_1939016426405636_7685210786343419904_o.jpg,800,600,bottle,465,414,589,530
47289370_1939016426405636_7685210786343419904_o.jpg,800,600,bottle,353,453,529,561
47289370_1939016426405636_7685210786343419904_o.jpg,800,600,bottle,55,233,148,264
47295577_1939017269738885_482078699944935424_n.jpg,450,600,bottle,140,379,211,520
47295577_1939017269738885_482078699944935424_n.jpg,450,600,bottle,246,241,331,284
47295577_1939017269738885_482078699944935424_n.jpg,450,600,bottle,267,188,356,243
47319269_1939016996405579_6631705211859632128_o.jpg,800,600,tire,212,274,405,471
47320918_1939017799738832_4795097524446691328_o.jpg,800,600,bottle,703,209,800,264
47320918_1939017799738832_4795097524446691328_o.jpg,800,600,bottle,279,120,377,218
47320918_1939017799738832_4795097524446691328_o.jpg,800,600,bottle,158,79,347,145
47320918_1939017799738832_4795097524446691328_o.jpg,800,600,bottle,81,181,160,268
47342056_1939016769738935_4044716851790348288_o.jpg,800,600,tire,279,76,432,198
47342056_1939016769738935_4044716851790348288_o.jpg,800,600,tire,179,199,378,373
47342056_1939016769738935_4044716851790348288_o.jpg,800,600,tire,240,173,789,600
47342056_1939016769738935_4044716851790348288_o.jpg,800,600,tire,419,1,652,139
47342056_1939016769738935_4044716851790348288_o.jpg,800,600,tire,143,110,286,237
47355497_1939017843072161_4478069542899154944_o.jpg,800,600,bottle,184,366,348,590
47355497_1939017843072161_4478069542899154944_o.jpg,800,600,bottle,623,234,799,307
47355497_1939017843072161_4478069542899154944_o.jpg,800,600,bottle,444,217,586,320
47355497_1939017843072161_4478069542899154944_o.jpg,800,600,bottle,355,220,429,318
47355497_1939017843072161_4478069542899154944_o.jpg,800,600,bottle,124,230,271,322
47355497_1939017843072161_4478069542899154944_o.jpg,800,600,bottle,283,108,375,155
47375726_1939017076405571_579597014732374016_o.jpg,800,600,bottle,468,319,633,396
47375726_1939017076405571_579597014732374016_o.jpg,800,600,bottle,343,224,468,472
47375726_1939017076405571_579597014732374016_o.jpg,800,600,bottle,566,192,658,287
47375726_1939017076405571_579597014732374016_o.jpg,800,600,bottle,511,132,572,249
47375726_1939017076405571_579597014732374016_o.jpg,800,600,bottle,367,12,438,56
47389786_1939016756405603_6316412160876478464_o.jpg,800,600,tire,1,40,402,369
47389786_1939016756405603_6316412160876478464_o.jpg,800,600,tire,380,7,799,381
47389786_1939016756405603_6316412160876478464_o.jpg,800,600,tire,222,276,629,570
47430586_1939017049738907_8907187522459664384_n.jpg,450,600,bottle,77,519,249,594
47430586_1939017049738907_8907187522459664384_n.jpg,450,600,bottle,1,457,161,545
47430586_1939017049738907_8907187522459664384_n.jpg,450,600,bottle,161,332,202,420
47430586_1939017049738907_8907187522459664384_n.jpg,450,600,bottle,341,337,450,395
47430586_1939017049738907_8907187522459664384_n.jpg,450,600,bottle,4,313,104,357
47430586_1939017049738907_8907187522459664384_n.jpg,450,600,bottle,217,339,309,424
47430586_1939017049738907_8907187522459664384_n.jpg,450,600,bottle,111,253,172,283
47477604_1939016849738927_3246164478777098240_o.jpg,800,600,bottle,26,365,252,518
47477604_1939016849738927_3246164478777098240_o.jpg,800,600,bottle,345,368,397,475
47477604_1939016849738927_3246164478777098240_o.jpg,800,600,bottle,634,2,798,116
47477604_1939016849738927_3246164478777098240_o.jpg,800,600,bottle,724,50,792,130
47477604_1939016849738927_3246164478777098240_o.jpg,800,600,bottle,389,139,496,224
47490320_1939016863072259_6801727638369992704_o.jpg,800,600,bottle,1,109,137,269
47490320_1939016863072259_6801727638369992704_o.jpg,800,600,bottle,362,22,445,134
47490320_1939016863072259_6801727638369992704_o.jpg,800,600,bottle,563,142,710,325
47490320_1939016863072259_6801727638369992704_o.jpg,800,600,bottle,621,2,800,69
47490320_1939016863072259_6801727638369992704_o.jpg,800,600,bottle,203,264,374,376
54424803_1998505607123384_710172009169944576_o.jpg,800,600,tire,549,231,755,361
54424803_1998505607123384_710172009169944576_o.jpg,800,600,tire,70,282,375,430
54424803_1998505607123384_710172009169944576_o.jpg,800,600,tire,15,150,270,299
54424803_1998505607123384_710172009169944576_o.jpg,800,600,tire,1,1,185,81
54424803_1998505607123384_710172009169944576_o.jpg,800,600,tire,1,36,105,142
54424803_1998505607123384_710172009169944576_o.jpg,800,600,bottle,369,324,431,388
54424803_1998505607123384_710172009169944576_o.jpg,800,600,bottle,563,414,646,469
57194618_2016636151976996_8001446986374971392_o.jpg,800,600,bottle,212,220,283,360
57194618_2016636151976996_8001446986374971392_o.jpg,800,600,bottle,502,187,616,305
57390227_2016635515310393_5245132190655709184_o.jpg,800,600,bottle,481,300,713,411
58625980_2016634315310513_5355013508675141632_o.jpg,800,600,bottle,426,213,609,598
58625980_2016634315310513_5355013508675141632_o.jpg,800,600,bottle,129,159,253,432
58625980_2016634315310513_5355013508675141632_o.jpg,800,600,bottle,354,31,441,250
58625980_2016634315310513_5355013508675141632_o.jpg,800,600,bottle,482,23,553,227
58625980_2016634315310513_5355013508675141632_o.jpg,800,600,bottle,436,41,481,196
58625980_2016634315310513_5355013508675141632_o.jpg,800,600,bottle,1,476,297,597
58625980_2016634315310513_5355013508675141632_o.jpg,800,600,bottle,92,236,178,406
58778996_2016635795310365_9112333319638351872_o.jpg,800,600,tire,64,19,678,463
58809833_2016636098643668_3853275187151634432_n.jpg,450,600,bottle,32,288,290,374
58809833_2016636098643668_3853275187151634432_n.jpg,450,600,bottle,287,309,425,485
58809833_2016636098643668_3853275187151634432_n.jpg,450,600,bottle,160,201,301,322
58809833_2016636098643668_3853275187151634432_n.jpg,450,600,bottle,209,130,278,219
58809833_2016636098643668_3853275187151634432_n.jpg,450,600,bottle,275,194,361,233
58809833_2016636098643668_3853275187151634432_n.jpg,450,600,bottle,316,132,378,201
58809833_2016636098643668_3853275187151634432_n.jpg,450,600,bottle,279,76,368,111
58809833_2016636098643668_3853275187151634432_n.jpg,450,600,bottle,37,35,148,124
58870170_2016634741977137_7454169042199248896_n.jpg,450,600,bottle,61,430,341,600
58933378_2016635495310395_3609507137081835520_n.jpg,450,600,bottle,66,305,259,583
58933378_2016635495310395_3609507137081835520_n.jpg,450,600,tire,161,51,393,171
59093833_2016635541977057_8560953862083575808_n.jpg,450,600,bottle,188,298,412,372
59106058_2016634491977162_5217854045904961536_n.jpg,450,600,tire,167,389,316,590
59106058_2016634491977162_5217854045904961536_n.jpg,450,600,tire,185,306,302,434
59106058_2016634491977162_5217854045904961536_n.jpg,450,600,tire,59,320,207,509
59211530_2016635335310411_3949524948988461056_o.jpg,800,600,tire,360,273,800,595
59211530_2016635335310411_3949524948988461056_o.jpg,800,600,tire,2,134,370,476
59211530_2016635335310411_3949524948988461056_o.jpg,800,600,tire,185,1,473,231
59211530_2016635335310411_3949524948988461056_o.jpg,800,600,tire,432,3,633,179
59301550_2016636031977008_204279390605934592_o.jpg,800,600,bottle,65,231,245,339
59301550_2016636031977008_204279390605934592_o.jpg,800,600,bottle,216,361,424,598
59345399_2016634518643826_297354896733110272_n.jpg,450,600,tire,83,198,449,470
59781607_2021359634837981_1529724513107836928_o.jpg,800,535,tire,55,245,277,377
59781607_2021359634837981_1529724513107836928_o.jpg,800,535,tire,40,337,282,474
59781607_2021359634837981_1529724513107836928_o.jpg,800,535,tire,56,420,541,533
59781607_2021359634837981_1529724513107836928_o.jpg,800,535,tire,363,291,587,478
59781607_2021359634837981_1529724513107836928_o.jpg,800,535,tire,39,2,417,360
59781607_2021359634837981_1529724513107836928_o.jpg,800,535,tire,685,375,800,512
60073377_2021358298171448_3604294700346900480_o.jpg,800,535,tire,9,386,148,528
60073377_2021358298171448_3604294700346900480_o.jpg,800,535,tire,137,282,347,506
60073377_2021358298171448_3604294700346900480_o.jpg,800,535,tire,273,172,548,480
60073377_2021358298171448_3604294700346900480_o.jpg,800,535,tire,521,251,667,474
60304100_2025215954452349_3972088954814988288_o.jpg,800,535,tire,390,120,509,277
60761879_2028917160748895_7689267065126912_n.jpg,450,600,bottle,124,321,199,499
60897575_2028918287415449_5697261224652177408_n.jpg,450,600,tire,143,295,358,439
62547779_2044498165857461_4581168660881604608_o.jpg,800,535,tire,515,311,722,464
62547779_2044498165857461_4581168660881604608_o.jpg,800,535,tire,176,406,296,524
62547779_2044498165857461_4581168660881604608_o.jpg,800,535,tire,321,421,456,504
62592443_2044498259190785_4171779739800829952_o.jpg,800,535,tire,560,333,635,388
62592443_2044498259190785_4171779739800829952_o.jpg,800,535,tire,484,296,560,381
62592443_2044498259190785_4171779739800829952_o.jpg,800,535,tire,303,292,409,390
62592443_2044498259190785_4171779739800829952_o.jpg,800,535,tire,433,252,499,297
62592443_2044498259190785_4171779739800829952_o.jpg,800,535,tire,256,259,336,319
62592443_2044498259190785_4171779739800829952_o.jpg,800,535,tire,460,224,514,254
62592443_2044498259190785_4171779739800829952_o.jpg,800,535,tire,472,246,570,308
62592443_2044498259190785_4171779739800829952_o.jpg,800,535,bottle,450,400,476,440
62592443_2044498259190785_4171779739800829952_o.jpg,800,535,bottle,353,372,406,411
62606630_2044498525857425_2930597606448955392_o.jpg,800,535,tire,170,344,316,504
62606630_2044498525857425_2930597606448955392_o.jpg,800,535,tire,161,241,260,343
62606630_2044498525857425_2930597606448955392_o.jpg,800,535,tire,283,353,581,532
62606630_2044498525857425_2930597606448955392_o.jpg,800,535,tire,616,383,773,521
62606630_2044498525857425_2930597606448955392_o.jpg,800,535,bottle,601,291,633,318
62606630_2044498525857425_2930597606448955392_o.jpg,800,535,tire,568,300,634,371
63306121_2044502072523737_2293024769513095168_o.jpg,800,535,tire,352,182,643,484
63306121_2044502072523737_2293024769513095168_o.jpg,800,535,bottle,670,381,788,435
63306121_2044502072523737_2293024769513095168_o.jpg,800,535,tire,155,202,498,530
63306121_2044502072523737_2293024769513095168_o.jpg,800,535,tire,1,164,126,392
63306121_2044502072523737_2293024769513095168_o.jpg,800,535,tire,13,100,100,190
63306121_2044502072523737_2293024769513095168_o.jpg,800,535,tire,315,29,528,204
63306121_2044502072523737_2293024769513095168_o.jpg,800,535,tire,455,29,767,230
63306121_2044502072523737_2293024769513095168_o.jpg,800,535,tire,102,175,263,314
65171865_2052110241762920_2903039932341682176_n.jpg,336,600,tire,2,302,193,455
65279274_2052113675095910_3970981209734905856_o.jpg,800,600,bottle,156,35,315,165
65279274_2052113675095910_3970981209734905856_o.jpg,800,600,bottle,264,279,339,375
65279274_2052113675095910_3970981209734905856_o.jpg,800,600,bottle,176,485,342,561
65279274_2052113675095910_3970981209734905856_o.jpg,800,600,bottle,516,112,603,186
65311806_2052114691762475_1922428675949592576_o.jpg,800,600,bottle,279,213,324,289
65311806_2052114691762475_1922428675949592576_o.jpg,800,600,bottle,334,200,379,268
65311806_2052114691762475_1922428675949592576_o.jpg,800,600,bottle,453,286,542,409
65311806_2052114691762475_1922428675949592576_o.jpg,800,600,bottle,369,38,427,108
65311806_2052114691762475_1922428675949592576_o.jpg,800,600,bottle,77,305,141,373
65311806_2052114691762475_1922428675949592576_o.jpg,800,600,bottle,532,234,629,320
65466359_2052114098429201_7621238652923805696_o.jpg,800,600,bottle,1,177,226,403
65611063_2052111335096144_3403936391543914496_n.jpg,450,600,bottle,4,282,96,364
65611063_2052111335096144_3403936391543914496_n.jpg,450,600,bottle,154,305,201,377
65611063_2052111335096144_3403936391543914496_n.jpg,450,600,bottle,157,332,256,386
65611063_2052111335096144_3403936391543914496_n.jpg,450,600,bottle,307,284,350,353
65874234_2052114408429170_5913883019826954240_n.jpg,450,600,tire,1,263,425,598
66091230_2055159414791336_6122998977399881728_n.jpg,450,600,bottle,151,272,283,379
68446222_2087585048215439_3662235028940652544_n.jpg,450,600,tire,195,76,310,184
68999763_2087568361550441_935110523182120960_o.jpg,450,364,tire,187,161,360,271
68999763_2087568361550441_935110523182120960_o.jpg,450,364,tire,38,122,327,352
68999763_2087568361550441_935110523182120960_o.jpg,450,364,tire,201,18,360,150
68999763_2087568361550441_935110523182120960_o.jpg,450,364,tire,300,90,372,200
69177763_2087583278215616_7472727832108466176_o.jpg,800,600,bottle,481,294,751,411
69203671_2087581191549158_3731225715681525760_n.jpg,450,600,bottle,111,393,335,571
69203671_2087581191549158_3731225715681525760_n.jpg,450,600,bottle,146,369,222,416
69203671_2087581191549158_3731225715681525760_n.jpg,450,600,bottle,245,277,291,338
69203671_2087581191549158_3731225715681525760_n.jpg,450,600,bottle,241,203,318,256
69354722_2087584348215509_8801625386761846784_n.jpg,450,600,bottle,254,125,372,286
69354722_2087584348215509_8801625386761846784_n.jpg,450,600,bottle,239,266,339,314
69362331_2087569928216951_6929989294702460928_o.jpg,800,600,tire,258,130,531,459
69451976_2087569261550351_1635525388857769984_n.jpg,450,600,tire,2,256,161,409
69457059_2087568964883714_291051662859042816_n.jpg,450,600,tire,175,342,353,479
69457059_2087568964883714_291051662859042816_n.jpg,450,600,tire,161,471,417,599
69457059_2087568964883714_291051662859042816_n.jpg,450,600,tire,348,475,449,598
69481532_2087567578217186_6769500935380008960_n.jpg,450,600,tire,132,276,381,512
69481532_2087567578217186_6769500935380008960_n.jpg,450,600,tire,16,285,135,453
69495831_2087571861550091_5655974309626118144_o.jpg,800,600,tire,408,33,587,224
69495831_2087571861550091_5655974309626118144_o.jpg,800,600,tire,5,126,798,598
69599766_2087579214882689_1853117503044059136_o.jpg,800,600,bottle,560,350,794,509
69599766_2087579214882689_1853117503044059136_o.jpg,800,600,bottle,594,167,749,248
69600837_2087569014883709_5375099275422203904_n.jpg,450,600,tire,75,400,318,598
69644473_2087567294883881_3535626531290218496_n.jpg,450,600,tire,208,341,380,478
69644473_2087567294883881_3535626531290218496_n.jpg,450,600,tire,216,468,450,598
69771208_2087567621550515_3631874257312546816_n.jpg,450,600,tire,107,324,297,454
69771208_2087567621550515_3631874257312546816_n.jpg,450,600,tire,308,442,448,586
69771208_2087567621550515_3631874257312546816_n.jpg,450,600,tire,119,445,449,598
70150378_2087569121550365_3030016796452192256_o.jpg,800,600,tire,357,454,420,489
70150378_2087569121550365_3030016796452192256_o.jpg,800,600,tire,281,466,419,533
710294835_640.jpg,640,360,tire,104,13,498,326
71755499_2116495451991065_8021856486281969664_n.jpg,450,600,bottle,317,255,379,334
71755499_2116495451991065_8021856486281969664_n.jpg,450,600,bottle,197,441,326,600
71755499_2116495451991065_8021856486281969664_n.jpg,450,600,bottle,175,358,311,450
71755499_2116495451991065_8021856486281969664_n.jpg,450,600,bottle,333,404,450,510
71755499_2116495451991065_8021856486281969664_n.jpg,450,600,bottle,286,186,378,223
71755499_2116495451991065_8021856486281969664_n.jpg,450,600,bottle,5,264,179,355
71755499_2116495451991065_8021856486281969664_n.jpg,450,600,bottle,341,236,440,269
71755499_2116495451991065_8021856486281969664_n.jpg,450,600,bottle,92,164,156,201
71755499_2116495451991065_8021856486281969664_n.jpg,450,600,bottle,61,226,157,277
71755499_2116495451991065_8021856486281969664_n.jpg,450,600,bottle,292,133,346,163
71755499_2116495451991065_8021856486281969664_n.jpg,450,600,bottle,232,85,282,110
71755499_2116495451991065_8021856486281969664_n.jpg,450,600,bottle,143,127,200,160
71755499_2116495451991065_8021856486281969664_n.jpg,450,600,bottle,290,219,364,280
71755499_2116495451991065_8021856486281969664_n.jpg,450,600,bottle,17,14,51,39
71755499_2116495451991065_8021856486281969664_n.jpg,450,600,bottle,188,69,245,88
71763664_2116497291990881_8095496908912459776_n.jpg,450,600,bottle,277,366,367,419
71763664_2116497291990881_8095496908912459776_n.jpg,450,600,bottle,113,399,199,451
71763664_2116497291990881_8095496908912459776_n.jpg,450,600,bottle,129,441,229,506
71763664_2116497291990881_8095496908912459776_n.jpg,450,600,bottle,325,265,400,297
71763664_2116497291990881_8095496908912459776_n.jpg,450,600,bottle,355,286,431,316
71763664_2116497291990881_8095496908912459776_n.jpg,450,600,bottle,208,247,257,274
71763664_2116497291990881_8095496908912459776_n.jpg,450,600,bottle,270,188,322,211
71763664_2116497291990881_8095496908912459776_n.jpg,450,600,bottle,49,300,117,328
71763664_2116497291990881_8095496908912459776_n.jpg,450,600,bottle,103,286,138,316
71763664_2116497291990881_8095496908912459776_n.jpg,450,600,bottle,100,374,141,459
71847415_2116498085324135_1497399902043373568_o.jpg,800,600,bottle,433,348,570,460
71847415_2116498085324135_1497399902043373568_o.jpg,800,600,bottle,543,353,720,457
71847415_2116498085324135_1497399902043373568_o.jpg,800,600,bottle,397,451,552,542
71847415_2116498085324135_1497399902043373568_o.jpg,800,600,bottle,255,384,362,516
71847415_2116498085324135_1497399902043373568_o.jpg,800,600,bottle,194,409,300,524
71847415_2116498085324135_1497399902043373568_o.jpg,800,600,bottle,70,384,210,461
71847415_2116498085324135_1497399902043373568_o.jpg,800,600,bottle,211,148,303,232
71847415_2116498085324135_1497399902043373568_o.jpg,800,600,bottle,284,30,378,96
71847415_2116498085324135_1497399902043373568_o.jpg,800,600,bottle,304,146,358,227
71847415_2116498085324135_1497399902043373568_o.jpg,800,600,bottle,336,129,381,201
71847415_2116498085324135_1497399902043373568_o.jpg,800,600,bottle,257,218,407,276
71847415_2116498085324135_1497399902043373568_o.jpg,800,600,bottle,500,79,542,135
71847415_2116498085324135_1497399902043373568_o.jpg,800,600,bottle,713,71,800,96
71847415_2116498085324135_1497399902043373568_o.jpg,800,600,bottle,176,55,232,126
71847415_2116498085324135_1497399902043373568_o.jpg,800,600,bottle,405,1,481,37
71847415_2116498085324135_1497399902043373568_o.jpg,800,600,bottle,555,1,593,48
71847415_2116498085324135_1497399902043373568_o.jpg,800,600,bottle,407,119,489,184
71884511_2116496485324295_7575251523257499648_n.jpg,450,600,bottle,287,222,351,248
71884511_2116496485324295_7575251523257499648_n.jpg,450,600,bottle,324,413,422,459
71884511_2116496485324295_7575251523257499648_n.jpg,450,600,bottle,393,445,447,513
71884511_2116496485324295_7575251523257499648_n.jpg,450,600,bottle,290,433,341,494
71884511_2116496485324295_7575251523257499648_n.jpg,450,600,bottle,253,484,335,540
71884511_2116496485324295_7575251523257499648_n.jpg,450,600,bottle,206,432,250,508
71884511_2116496485324295_7575251523257499648_n.jpg,450,600,bottle,364,325,450,352
71884511_2116496485324295_7575251523257499648_n.jpg,450,600,bottle,274,264,307,309
71884511_2116496485324295_7575251523257499648_n.jpg,450,600,bottle,221,313,249,364
71884511_2116496485324295_7575251523257499648_n.jpg,450,600,bottle,151,342,221,371
71884511_2116496485324295_7575251523257499648_n.jpg,450,600,bottle,132,435,171,518
71884511_2116496485324295_7575251523257499648_n.jpg,450,600,bottle,161,419,202,480
71884511_2116496485324295_7575251523257499648_n.jpg,450,600,bottle,93,422,182,447
71884511_2116496485324295_7575251523257499648_n.jpg,450,600,bottle,78,538,190,600
71884511_2116496485324295_7575251523257499648_n.jpg,450,600,bottle,239,449,295,518
71884511_2116496485324295_7575251523257499648_n.jpg,450,600,bottle,242,405,289,471
71884511_2116496485324295_7575251523257499648_n.jpg,450,600,bottle,240,353,278,390
71884511_2116496485324295_7575251523257499648_n.jpg,450,600,bottle,185,385,251,428
71884511_2116496485324295_7575251523257499648_n.jpg,450,600,bottle,62,326,127,350
71884511_2116496485324295_7575251523257499648_n.jpg,450,600,bottle,1,292,62,327
71884511_2116496485324295_7575251523257499648_n.jpg,450,600,bottle,353,363,448,406
72086169_2116498215324122_2966813122876145664_o.jpg,800,600,bottle,366,37,697,213
72195469_2116494295324514_2029919668575141888_o.jpg,800,600,tire,159,248,332,415
72318716_2116495251991085_6935845688768987136_n.jpg,450,600,bottle,293,454,341,570
72318716_2116495251991085_6935845688768987136_n.jpg,450,600,bottle,211,324,259,398
72318716_2116495251991085_6935845688768987136_n.jpg,450,600,bottle,238,330,287,411
72318716_2116495251991085_6935845688768987136_n.jpg,450,600,bottle,203,283,262,311
72318716_2116495251991085_6935845688768987136_n.jpg,450,600,bottle,148,280,209,330
72318716_2116495251991085_6935845688768987136_n.jpg,450,600,bottle,116,267,169,333
72318716_2116495251991085_6935845688768987136_n.jpg,450,600,bottle,62,263,108,312
72318716_2116495251991085_6935845688768987136_n.jpg,450,600,bottle,82,224,138,252
72318716_2116495251991085_6935845688768987136_n.jpg,450,600,bottle,98,193,183,247
72345099_2116493115324632_739369841093246976_o.jpg,800,600,bottle,257,229,641,403
72405372_2116495375324406_399478348469764096_n.jpg,450,600,bottle,297,466,385,532
72405372_2116495375324406_399478348469764096_n.jpg,450,600,bottle,283,515,394,600
72405372_2116495375324406_399478348469764096_n.jpg,450,600,bottle,52,519,145,600
72582022_2116496265324317_1330162117579374592_o.jpg,800,600,tire,347,168,476,304
72644578_2116494345324509_1547177765550161920_o.jpg,800,600,bottle,498,232,616,287
72644578_2116494345324509_1547177765550161920_o.jpg,800,600,bottle,395,324,466,432
72644578_2116494345324509_1547177765550161920_o.jpg,800,600,bottle,305,389,399,441
72644578_2116494345324509_1547177765550161920_o.jpg,800,600,bottle,409,466,521,521
72644578_2116494345324509_1547177765550161920_o.jpg,800,600,bottle,110,377,189,472
72644578_2116494345324509_1547177765550161920_o.jpg,800,600,bottle,164,404,254,444
72644578_2116494345324509_1547177765550161920_o.jpg,800,600,bottle,409,251,506,298
72644578_2116494345324509_1547177765550161920_o.jpg,800,600,bottle,353,258,432,293
72644578_2116494345324509_1547177765550161920_o.jpg,800,600,bottle,328,142,382,184
72644578_2116494345324509_1547177765550161920_o.jpg,800,600,bottle,234,230,295,309
72644578_2116494345324509_1547177765550161920_o.jpg,800,600,bottle,318,87,346,137
72644578_2116494345324509_1547177765550161920_o.jpg,800,600,bottle,179,201,216,248
72644578_2116494345324509_1547177765550161920_o.jpg,800,600,bottle,206,197,234,253
72644578_2116494345324509_1547177765550161920_o.jpg,800,600,bottle,415,89,473,162
72644578_2116494345324509_1547177765550161920_o.jpg,800,600,bottle,439,136,481,216
72644578_2116494345324509_1547177765550161920_o.jpg,800,600,bottle,453,222,552,258
72644578_2116494345324509_1547177765550161920_o.jpg,800,600,bottle,252,463,354,522
72644578_2116494345324509_1547177765550161920_o.jpg,800,600,bottle,299,174,333,232
72644578_2116494345324509_1547177765550161920_o.jpg,800,600,bottle,79,247,118,299
72890532_2116495481991062_6066342655049072640_n.jpg,450,600,bottle,86,417,247,503
73206440_2116496335324310_2875248255531220992_n.jpg,450,600,bottle,294,543,369,598
73206440_2116496335324310_2875248255531220992_n.jpg,450,600,bottle,383,464,450,518
73206440_2116496335324310_2875248255531220992_n.jpg,450,600,bottle,257,477,367,509
73206440_2116496335324310_2875248255531220992_n.jpg,450,600,bottle,410,307,450,336
73314411_2116497198657557_473967997803823104_o.jpg,800,600,bottle,128,33,262,294
73314411_2116497198657557_473967997803823104_o.jpg,800,600,bottle,61,249,280,421
73314411_2116497198657557_473967997803823104_o.jpg,800,600,bottle,259,177,407,430
a1e147f1-430b-4b0a-b717-6d97bf2411e1.jpg_1718483346.jpg,600,340,tire,254,93,485,231
abandoned-tire-river-600w-762881425.jpg,600,420,tire,246,207,504,328
abandoned-tires-in-forest-along-route-112-in-easton-new-hampshire-EWJ25E.jpg,400,294,tire,77,94,231,215
abandoned-tires-in-forest-along-route-112-in-easton-new-hampshire-EWJ25E.jpg,400,294,tire,266,93,351,139
Anthropocene_Mexico_clean_Jason-deCaires-Taylor_Sculpture.jpg,941,640,tire,439,399,572,577
Anthropocene_Mexico_clean_Jason-deCaires-Taylor_Sculpture.jpg,941,640,tire,655,277,738,410
article-0-1A85E47D000005DC-572_634x371.jpg,634,371,tire,119,63,445,338
artifical-reef-20150920-111437-1000x667.jpg,400,266,tire,29,60,222,241
artifical-reef-20150920-111437-1000x667.jpg,400,266,tire,219,67,360,158
artifical-reef-20150920-114020-1000x667.jpg,400,266,tire,51,87,182,250
artifical-reef-20150920-114020-1000x667.jpg,400,266,tire,246,72,385,160
artificial-tire-reef-20161115-133747.jpg,400,266,tire,66,51,152,134
artificial-tire-reef-20161115-133747.jpg,400,266,tire,109,117,198,258
artificial-tire-reef-20161115-133747.jpg,400,266,tire,161,85,276,226
artificial-tire-reef-20161115-133747.jpg,400,266,tire,257,76,331,171
artificial-tire-reef-20161115-133747.jpg,400,266,tire,233,42,306,100
b10.jpg,400,327,bottle,227,43,370,277
b11.jpg,800,600,bottle,142,35,432,580
b12.jpg,550,367,bottle,184,42,406,314
b13.jpg,640,360,bottle,63,25,575,287
b14.jpg,799,533,bottle,265,130,540,367
b15.jpg,300,220,bottle,87,97,280,156
b15.jpg,300,220,bottle,22,1,94,175
b16.jpg,400,294,bottle,71,88,371,199
b18.jpg,278,310,bottle,35,42,115,229
b18.jpg,278,310,bottle,186,5,255,230
b19.jpg,800,497,bottle,203,134,326,250
b19.jpg,800,497,bottle,337,99,447,160
b19.jpg,800,497,bottle,478,99,551,171
b19.jpg,800,497,bottle,523,246,689,356
b19.jpg,800,497,bottle,382,204,569,405
b2.jpg,800,451,bottle,188,1,686,450
b20.jpg,800,500,bottle,362,176,723,328
b21.jpg,800,535,bottle,486,88,611,436
b22.jpg,410,600,bottle,1,405,287,532
b22.jpg,410,600,bottle,70,224,376,345
b22.jpg,410,600,bottle,175,157,258,222
b22.jpg,410,600,bottle,308,1,407,29
b23.jpg,250,249,bottle,1,4,70,242
b23.jpg,250,249,bottle,76,9,137,247
b23.jpg,250,249,bottle,122,1,177,224
b23.jpg,250,249,bottle,182,32,250,240
b24.jpg,800,450,bottle,30,155,763,415
b26.jpg,450,320,bottle,146,174,266,273
b27.jpg,800,362,bottle,44,107,144,176
b27.jpg,800,362,bottle,258,225,364,302
b27.jpg,800,362,bottle,381,243,522,301
b27.jpg,800,362,bottle,711,166,800,211
b27.jpg,800,362,bottle,290,189,372,239
b28.jpg,300,168,bottle,135,66,245,136
b29.jpg,384,189,bottle,31,32,312,164
b3.jpg,400,300,bottle,1,78,396,205
b30.jpg,612,408,bottle,153,118,408,233
b31.jpg,800,345,bottle,198,107,582,345
b32.jpg,768,576,bottle,165,81,290,474
b32.jpg,768,576,bottle,301,148,427,530
b32.jpg,768,576,bottle,504,122,614,483
b35.jpg,800,456,bottle,237,318,502,437
b36.jpg,705,529,bottle,20,169,673,377
b37.jpg,400,266,bottle,281,168,400,234
b37.jpg,400,266,bottle,100,170,195,264
b37.jpg,400,266,bottle,36,109,187,185
b37.jpg,400,266,bottle,256,77,379,163
b37.jpg,400,266,bottle,300,48,400,143
b37.jpg,400,266,bottle,91,1,210,87
b37.jpg,400,266,bottle,66,10,203,130
b40.jpg,590,393,bottle,478,190,526,285
b40.jpg,590,393,bottle,190,276,418,392
b40.jpg,590,393,bottle,55,215,186,264
b40.jpg,590,393,bottle,147,150,229,223
b40.jpg,590,393,bottle,188,197,311,244
b43.jpg,678,381,bottle,120,121,526,310
b5.jpg,760,506,bottle,661,371,699,457
b5.jpg,760,506,bottle,600,389,651,469
b5.jpg,760,506,bottle,596,312,662,359
b5.jpg,760,506,bottle,523,357,601,472
b5.jpg,760,506,bottle,503,302,575,369
b5.jpg,760,506,bottle,420,331,500,388
b5.jpg,760,506,bottle,348,360,454,450
b5.jpg,760,506,bottle,243,382,317,456
b5.jpg,760,506,bottle,135,342,216,423
b5.jpg,760,506,bottle,179,322,289,377
b5.jpg,760,506,bottle,334,289,405,350
b5.jpg,760,506,bottle,403,235,462,296
b5.jpg,760,506,bottle,246,276,355,320
b5.jpg,760,506,bottle,354,227,420,275
b5.jpg,760,506,bottle,391,158,422,234
b5.jpg,760,506,bottle,321,171,387,270
b5.jpg,760,506,bottle,267,222,330,288
b5.jpg,760,506,bottle,221,143,331,191
b5.jpg,760,506,bottle,155,163,199,248
b5.jpg,760,506,bottle,124,59,184,164
b5.jpg,760,506,bottle,160,46,213,141
b5.jpg,760,506,bottle,10,44,71,93
b5.jpg,760,506,bottle,340,71,427,164
b5.jpg,760,506,bottle,337,15,404,68
b5.jpg,760,506,bottle,228,14,300,85
b5.jpg,760,506,bottle,172,1,238,78
b5.jpg,760,506,bottle,226,216,285,259
b6.jpg,760,506,bottle,344,80,626,364
b7.jpg,500,334,bottle,92,149,462,273
b8.jpg,700,394,bottle,334,215,487,268
b8.jpg,700,394,bottle,144,245,516,357
b9.jpg,491,600,bottle,195,129,334,476
car-tiretyre-coral-reef-underwater-600w-177388181.jpg,600,470,tire,54,193,507,435
CBPP_20121006_2012-10-06-Coolidge-Million-Dollar-Pt-316-Edit-500x333.jpg,500,333,tire,164,85,262,214
CBPP_20121006_2012-10-06-Coolidge-Million-Dollar-Pt-316-Edit-500x333.jpg,500,333,tire,83,61,169,175
depositphotos_109309360-stock-video-car-tire-on-the-seabed.jpg,608,342,tire,208,62,377,151
depositphotos_109311658-stock-video-car-tire-on-the-seabed.jpg,608,342,tire,121,88,487,308
depositphotos_274859442-stock-video-sea-pollution-car-tire-at.jpg,608,342,tire,116,21,532,258
discarded-old-tyre-blue-water-600w-1123254227.jpg,600,420,tire,197,185,305,245
discarded-tire-on-lake-bottom-600w-35108575.jpg,600,470,tire,232,182,431,276
discarded-tire-on-lake-bottom-600w-35108578.jpg,600,470,tire,146,175,399,302
Dive-Tiki-Cozumel.jpg,400,266,tire,50,39,333,265
Dive-Tiki-Cozumel.jpg,400,266,tire,314,107,391,216
diver-swimming-around-tires-600w-230247064.jpg,600,420,tire,142,115,481,397
download (1).jpg,277,182,tire,149,66,222,169
download.jpg,275,183,tire,37,2,229,177
DSCN2478.JPG,800,600,tire,231,180,479,436
DSCN2479.JPG,800,600,tire,378,7,589,164
DSCN2480.JPG,800,600,tire,390,172,633,410
DSCN2483.JPG,800,600,tire,361,219,576,412
DSCN2484.JPG,800,600,tire,308,162,601,433
DSCN2484.JPG,800,600,bottle,524,90,647,181
DSCN2485.JPG,800,600,tire,250,123,653,526
DSCN2487.JPG,800,600,bottle,349,231,490,297
DSCN2488.JPG,800,600,bottle,341,285,487,355
DSCN2489.JPG,800,600,bottle,337,308,443,349
DSCN2490.JPG,800,600,bottle,365,325,531,385
DSCN2493.JPG,800,600,tire,311,125,573,381
DSCN2494.JPG,800,600,tire,329,164,517,352
DSCN2495.JPG,800,600,tire,457,239,601,379
DSCN2496.JPG,800,600,tire,298,150,535,366
DSCN2497.JPG,800,600,tire,408,182,625,415
DSCN2498.JPG,800,600,tire,314,94,560,269
DSCN2501.JPG,800,600,tire,332,288,449,397
DSCN2502.JPG,800,600,tire,366,151,576,361
DSCN2503.JPG,800,600,tire,299,175,523,365
DSCN2504.JPG,800,600,tire,366,180,565,399
DSCN2506.JPG,800,600,bottle,361,347,477,403
DSCN2508.JPG,800,600,bottle,379,213,451,371
DSCN2509.JPG,800,600,tire,430,242,580,370
DSCN2510.JPG,800,600,tire,323,143,554,354
DSCN2511.JPG,800,600,tire,393,153,660,423
DSCN2512.JPG,800,600,tire,258,286,471,485
DSCN2514.JPG,800,600,bottle,404,203,538,346
DSCN2515.JPG,800,600,bottle,360,224,549,379
DSCN2517.JPG,800,600,bottle,359,337,500,411
DSCN2521.JPG,800,600,tire,245,137,637,499
DSCN2522.JPG,800,600,tire,267,108,705,551
DSCN2523.JPG,800,600,tire,261,95,638,478
DSCN2524.JPG,800,600,tire,224,126,595,395
DSCN2525.JPG,800,600,tire,202,138,632,471
DSCN2526.JPG,800,600,tire,224,133,592,438
DSCN2527.JPG,800,600,tire,226,172,675,440
DSCN2528.JPG,800,600,tire,290,138,613,505
DSCN2529.JPG,800,600,tire,276,120,702,524
DSCN2530.JPG,800,600,tire,161,144,633,591
DSCN2531.JPG,800,600,tire,245,122,674,516
DSCN2532.JPG,800,600,tire,126,34,774,600
DSCN2533.JPG,800,600,tire,102,8,730,594
DSCN2534.JPG,800,600,tire,182,119,643,490
DSCN2535.JPG,800,600,tire,332,216,552,391
DSCN2536.JPG,800,600,tire,284,182,552,426
DSCN2537.JPG,800,600,tire,312,181,596,457
DSCN2538.JPG,800,600,tire,217,124,630,496
DSCN2539.JPG,800,600,tire,247,167,567,563
DSCN2540.JPG,800,600,tire,295,233,496,417
DSCN2541.JPG,800,600,tire,261,131,511,389
DSCN2543.JPG,800,600,bottle,355,236,459,342
DSCN2544.JPG,800,600,bottle,434,254,522,371
DSCN2545.JPG,800,600,bottle,486,252,568,359
DSCN2545.JPG,800,600,bottle,228,370,346,432
DSCN2546.JPG,800,600,bottle,465,201,549,274
DSCN2546.JPG,800,600,bottle,555,390,613,507
DSCN2548.JPG,800,600,bottle,418,274,490,395
DSCN2551.JPG,800,600,tire,335,206,622,460
DSCN2552.JPG,800,600,tire,330,141,604,398
DSCN2555.JPG,800,600,tire,174,130,648,511
DSCN2556.JPG,800,600,tire,180,57,659,566
DSCN2560.JPG,800,600,tire,285,195,582,425
DSCN2561.JPG,800,600,tire,306,137,686,473
DSCN2562.JPG,800,600,tire,340,136,747,581
DSCN2563.JPG,800,600,tire,374,132,676,358
DSCN2564.JPG,800,600,tire,287,232,591,458
DSCN2642.jpg,800,600,tire,241,132,574,422
DSCN2643.jpg,800,600,tire,544,296,641,395
DSCN2643.jpg,800,600,bottle,282,389,362,445
DSCN2643.jpg,800,600,bottle,172,370,253,453
DSCN2643.jpg,800,600,tire,178,40,315,168
DSCN2644.jpg,800,600,bottle,249,222,320,321
DSCN2644.jpg,800,600,bottle,88,174,220,225
DSCN2644.jpg,800,600,bottle,502,143,619,189
DSCN2644.jpg,800,600,tire,636,292,797,435
DSCN2645.jpg,800,600,bottle,407,213,508,301
DSCN2645.jpg,800,600,tire,619,194,780,354
DSCN2645.jpg,800,600,bottle,311,520,426,563
DSCN2645.jpg,800,600,tire,72,106,231,278
DSCN2647.jpg,800,600,tire,586,276,749,419
DSCN2647.jpg,800,600,tire,173,301,278,397
DSCN2648.jpg,800,600,bottle,420,370,540,421
DSCN2648.jpg,800,600,tire,566,148,796,348
DSCN2648.jpg,800,600,bottle,236,166,347,242
DSCN2648.jpg,800,600,bottle,247,263,315,323
DSCN2648.jpg,800,600,tire,18,159,152,271
DSCN2649.jpg,800,600,bottle,224,368,275,506
DSCN2649.jpg,800,600,bottle,531,295,622,389
DSCN2649.jpg,800,600,bottle,86,255,173,420
DSCN2649.jpg,800,600,tire,419,1,671,187
DSCN2658.jpg,800,600,tire,266,226,470,577
DSCN2658.jpg,800,600,bottle,565,234,620,366
DSCN2658.jpg,800,600,bottle,386,54,467,125
DSCN2659.jpg,800,600,tire,559,155,651,287
DSCN2659.jpg,800,600,bottle,481,229,539,356
DSCN2659.jpg,800,600,bottle,446,130,489,235
DSCN2659.jpg,800,600,bottle,232,90,334,161
DSCN2659.jpg,800,600,tire,40,274,301,577
DSCN2660.jpg,800,600,tire,88,324,287,545
DSCN2660.jpg,800,600,bottle,431,189,476,300
DSCN2660.jpg,800,600,tire,494,82,580,187
DSCN2660.jpg,800,600,bottle,520,397,568,495
DSCN2661.jpg,800,600,tire,507,368,663,514
DSCN2661.jpg,800,600,tire,182,211,278,288
DSCN2661.jpg,800,600,bottle,312,277,397,323
DSCN2662.jpg,800,600,bottle,325,392,446,437
DSCN2662.jpg,800,600,bottle,510,229,607,298
DSCN2662.jpg,800,600,bottle,653,238,742,316
DSCN2662.jpg,800,600,tire,144,255,276,360
DSCN2663.jpg,800,600,tire,120,320,236,428
DSCN2663.jpg,800,600,tire,594,355,751,519
DSCN2663.jpg,800,600,bottle,471,74,517,174
DSCN2663.jpg,800,600,bottle,346,151,453,195
DSCN2663.jpg,800,600,bottle,326,334,412,413
DSCN2666.jpg,800,600,tire,79,316,216,453
DSCN2666.jpg,800,600,bottle,319,292,403,390
DSCN2666.jpg,800,600,tire,621,226,800,421
DSCN2667.jpg,800,600,bottle,549,388,611,522
DSCN2667.jpg,800,600,bottle,362,56,453,151
DSCN2667.jpg,800,600,bottle,338,190,424,290
DSCN2668.jpg,800,600,bottle,504,251,610,315
DSCN2668.jpg,800,600,bottle,368,280,417,426
DSCN2669.jpg,800,600,bottle,238,206,312,315
DSCN2669.jpg,800,600,bottle,282,406,444,461
DSCN2670.jpg,800,600,tire,131,136,283,262
DSCN2670.jpg,800,600,tire,612,59,752,159
DSCN2670.jpg,800,600,bottle,402,343,518,386
DSCN2670.jpg,800,600,bottle,307,387,365,497
DSCN2671.jpg,800,600,tire,312,38,455,169
DSCN2671.jpg,800,600,tire,618,451,742,587
DSCN2671.jpg,800,600,bottle,307,382,384,484
DSCN2671.jpg,800,600,bottle,153,336,274,405
DSCN2672.jpg,800,600,bottle,362,393,441,468
DSCN2672.jpg,800,600,bottle,510,252,609,297
DSCN2672.jpg,800,600,tire,680,316,796,432
DSCN2672.jpg,800,600,tire,213,12,389,158
DSCN2673.jpg,800,600,tire,542,183,715,355
DSCN2673.jpg,800,600,tire,148,454,266,571
DSCN2674.jpg,800,600,tire,224,286,432,486
DSCN2674.jpg,800,600,bottle,441,350,544,403
DSCN2675.jpg,800,600,bottle,410,397,505,525
DSCN2675.jpg,800,600,bottle,571,109,650,200
DSCN2675.jpg,800,600,tire,185,200,428,429
DSCN2676.jpg,800,600,bottle,244,382,332,506
DSCN2676.jpg,800,600,bottle,593,339,721,385
DSCN2676.jpg,800,600,tire,216,176,445,372
DSCN2677.jpg,800,600,bottle,499,361,606,452
DSCN2677.jpg,800,600,bottle,235,224,361,281
DSCN2677.jpg,800,600,tire,360,121,578,262
DSCN2678.jpg,800,600,bottle,91,255,255,339
DSCN2678.jpg,800,600,bottle,576,354,759,450
DSCN2678.jpg,800,600,tire,215,93,495,264
DSCN2679.jpg,800,600,tire,286,266,591,542
DSCN2679.jpg,800,600,bottle,223,126,315,186
DSCN2680.jpg,800,600,bottle,594,187,688,289
DSCN2680.jpg,800,600,bottle,270,195,366,238
DSCN2680.jpg,800,600,tire,442,281,694,524
DSCN2681.jpg,800,600,bottle,436,83,510,174
DSCN2681.jpg,800,600,tire,492,140,706,335
DSCN2681.jpg,800,600,bottle,306,321,382,411
DSCN2682.jpg,800,600,bottle,286,382,380,508
DSCN2682.jpg,800,600,bottle,425,52,529,177
DSCN2682.jpg,800,600,tire,528,127,774,384
DSCN2683.jpg,800,600,bottle,268,251,377,316
DSCN2683.jpg,800,600,tire,352,96,549,280
DSCN2683.jpg,800,600,bottle,407,384,462,490
DSCN2684.jpg,800,600,bottle,462,362,563,478
DSCN2684.jpg,800,600,bottle,266,287,351,390
DSCN2684.jpg,800,600,tire,263,77,472,280
DSCN2685.jpg,800,600,tire,284,193,471,376
DSCN2685.jpg,800,600,bottle,479,314,567,391
DSCN2686.jpg,800,600,bottle,550,318,669,363
DSCN2687.jpg,800,600,bottle,507,114,558,226
DSCN2688.jpg,800,600,bottle,194,376,312,442
DSCN2689.jpg,800,600,bottle,444,421,501,542
DSCN2690.jpg,800,600,tire,385,149,558,312
DSCN2691.jpg,800,600,tire,172,83,455,370
DSCN2691.jpg,800,600,bottle,586,331,650,451
DSCN2692.jpg,800,600,tire,199,242,479,491
DSCN2692.jpg,800,600,bottle,397,103,512,163
DSCN2693.jpg,800,600,bottle,237,256,292,371
DSCN2693.jpg,800,600,tire,407,250,641,476
DSCN2694.jpg,800,600,tire,158,303,354,494
DSCN2696.jpg,800,600,tire,282,320,479,524
DSCN2696.jpg,800,600,bottle,479,354,596,412
DSCN2696.jpg,800,600,bottle,465,142,528,238
DSCN2697.jpg,800,600,bottle,437,205,489,298
DSCN2697.jpg,800,600,tire,409,309,581,493
DSCN2699.jpg,800,600,bottle,182,288,273,387
DSCN2699.jpg,800,600,tire,391,168,614,397
DSCN2700.jpg,800,600,tire,280,44,536,295
DSCN2700.jpg,800,600,bottle,450,432,550,514
DSCN2701.jpg,800,600,bottle,592,408,705,526
DSCN2701.jpg,800,600,tire,80,270,285,450
DSCN2701.jpg,800,600,bottle,444,98,495,200
DSCN2702.jpg,800,600,bottle,274,301,370,382
DSCN2702.jpg,800,600,bottle,577,308,641,413
DSCN2702.jpg,800,600,bottle,663,450,800,512
DSCN2702.jpg,800,600,tire,239,129,357,222
DSCN2703.jpg,800,600,tire,471,409,613,561
DSCN2703.jpg,800,600,tire,80,276,184,372
DSCN2704.jpg,800,600,tire,566,363,756,540
DSCN2704.jpg,800,600,tire,78,189,205,292
DSCN2704.jpg,800,600,bottle,288,269,391,318
DSCN2705.jpg,800,600,bottle,360,328,416,425
DSCN2705.jpg,800,600,tire,612,163,800,318
DSCN2705.jpg,800,600,tire,159,428,283,556
DSCN2705.jpg,800,600,bottle,628,407,701,458
DSCN2706.jpg,800,600,bottle,406,327,480,439
DSCN2706.jpg,800,600,tire,139,350,306,534
DSCN2706.jpg,800,600,tire,636,300,763,476
DSCN2707.jpg,800,600,bottle,352,211,483,287
DSCN2707.jpg,800,600,tire,562,269,762,461
DSCN2707.jpg,800,600,bottle,8,453,124,577
DSCN2707.jpg,800,600,bottle,153,473,255,561
DSCN2707.jpg,800,600,tire,107,1,273,162
DSCN2708.jpg,800,600,bottle,409,311,494,379
DSCN2708.jpg,800,600,bottle,579,243,639,375
DSCN2709.jpg,800,600,bottle,447,240,583,298
DSCN2709.jpg,800,600,bottle,196,375,297,470
DSCN2709.jpg,800,600,bottle,12,351,157,428
DSCN2709.jpg,800,600,tire,226,53,399,165
DSCN2709.jpg,800,600,tire,648,322,800,469
DSCN2710.jpg,800,600,bottle,87,179,231,275
DSCN2710.jpg,800,600,bottle,221,327,279,477
DSCN2710.jpg,800,600,bottle,491,451,610,576
DSCN2710.jpg,800,600,tire,439,119,588,273
DSCN2711.jpg,800,600,bottle,237,240,358,311
DSCN2711.jpg,800,600,bottle,40,507,207,580
DSCN2711.jpg,800,600,tire,468,255,605,374
DSCN2727.jpg,800,600,bottle,344,242,509,324
DSCN2728.jpg,800,600,bottle,226,271,392,403
DSCN2729.jpg,800,600,bottle,525,343,623,433
DSCN2729.jpg,800,600,bottle,328,319,388,426
DSCN2729.jpg,800,600,tire,265,101,473,300
DSCN2730.jpg,800,600,bottle,463,185,560,277
DSCN2730.jpg,800,600,bottle,393,437,517,525
DSCN2730.jpg,800,600,tire,83,292,369,566
DSCN2731.jpg,800,600,bottle,289,179,355,306
DSCN2731.jpg,800,600,bottle,459,366,601,484
DSCN2731.jpg,800,600,tire,216,464,514,600
DSCN2732.jpg,800,600,bottle,297,345,437,405
DSCN2732.jpg,800,600,bottle,541,66,665,222
DSCN2732.jpg,800,600,tire,649,163,800,521
DSCN2734.jpg,800,600,bottle,363,118,405,186
DSCN2734.jpg,800,600,bottle,276,193,355,245
DSCN2734.jpg,800,600,bottle,326,355,388,439
DSCN2734.jpg,800,600,bottle,368,430,416,504
DSCN2734.jpg,800,600,tire,555,260,710,389
DSCN2734.jpg,800,600,tire,150,420,256,518
DSCN2735.jpg,800,600,bottle,338,237,386,324
DSCN2735.jpg,800,600,bottle,567,238,665,299
DSCN2735.jpg,800,600,bottle,273,137,337,249
DSCN2735.jpg,800,600,tire,22,233,170,371
DSCN2735.jpg,800,600,tire,576,1,799,141
DSCN2736.jpg,800,600,bottle,214,334,312,447
DSCN2736.jpg,800,600,bottle,344,356,425,430
DSCN2736.jpg,800,600,bottle,503,106,547,206
DSCN2736.jpg,800,600,tire,257,1,452,77
DSCN2737.jpg,800,600,bottle,276,450,361,537
DSCN2737.jpg,800,600,bottle,191,188,294,223
DSCN2737.jpg,800,600,bottle,271,80,415,139
DSCN2737.jpg,800,600,tire,485,397,717,600
DSCN2738.jpg,800,600,bottle,91,218,241,322
DSCN2738.jpg,800,600,bottle,484,176,554,305
DSCN2738.jpg,800,600,bottle,582,350,725,400
DSCN2739.jpg,800,600,bottle,329,366,442,505
DSCN2739.jpg,800,600,bottle,373,148,487,287
DSCN2740.jpg,800,600,bottle,299,412,449,484
DSCN2740.jpg,800,600,bottle,509,214,566,377
DSCN2741.jpg,800,600,bottle,334,282,407,446
DSCN2741.jpg,800,600,bottle,532,275,647,378
DSCN2742.jpg,800,600,bottle,342,142,397,266
DSCN2742.jpg,800,600,bottle,422,355,591,430
DSCN2743.jpg,800,600,bottle,255,353,401,421
DSCN2743.jpg,800,600,bottle,486,147,571,316
DSCN2744.jpg,800,600,bottle,437,359,532,506
DSCN2744.jpg,800,600,bottle,282,161,469,227
DSCN2745.jpg,800,600,bottle,195,200,247,328
DSCN2745.jpg,800,600,bottle,486,255,600,363
DSCN2745.jpg,800,600,bottle,631,261,726,334
DSCN2745.jpg,800,600,bottle,82,105,214,159
DSCN2745.jpg,800,600,tire,482,502,656,600
DSCN2747.jpg,800,600,bottle,308,437,447,514
DSCN2747.jpg,800,600,bottle,108,442,226,586
DSCN2747.jpg,800,600,bottle,473,129,617,209
DSCN2747.jpg,800,600,bottle,543,24,628,84
DSCN2748.jpg,800,600,bottle,506,265,629,419
DSCN2748.jpg,800,600,bottle,320,239,391,358
DSCN2749.jpg,800,600,bottle,382,204,516,277
DSCN2749.jpg,800,600,bottle,289,397,450,535
DSCN2750.jpg,800,600,bottle,447,395,636,455
DSCN2750.jpg,800,600,bottle,397,130,484,262
DSCN2751.jpg,800,600,bottle,316,334,458,405
DSCN2751.jpg,800,600,bottle,436,74,581,224
DSCN2752.jpg,800,600,bottle,459,439,613,517
DSCN2752.jpg,800,600,bottle,379,158,431,292
DSCN2752.jpg,800,600,tire,152,439,458,600
DSCN2753.jpg,800,600,bottle,430,223,578,272
DSCN2753.jpg,800,600,bottle,169,328,256,482
DSCN2753.jpg,800,600,tire,1,1,241,314
DSCN2754.jpg,800,600,bottle,258,339,421,392
DSCN2754.jpg,800,600,bottle,624,87,727,264
DSCN2755.jpg,800,600,bottle,361,237,475,315
DSCN2756.jpg,800,600,bottle,539,248,680,340
DSCN2758.jpg,800,600,bottle,184,302,303,369
DSCN2759.jpg,800,600,bottle,259,391,355,459
DSCN2759.jpg,800,600,tire,390,114,621,326
DSCN2760.jpg,800,600,bottle,221,106,306,205
DSCN2760.jpg,800,600,tire,339,277,573,516
DSCN2761.jpg,800,600,bottle,628,304,716,421
DSCN2761.jpg,800,600,tire,285,15,540,276
DSCN2762.jpg,800,600,bottle,355,347,450,447
DSCN2763.jpg,800,600,bottle,350,252,489,377
DSCN2765.jpg,800,600,bottle,337,184,464,331
DSCN2766.jpg,800,600,bottle,306,247,435,398
DSCN2767.jpg,800,600,bottle,402,243,465,411
DSCN2768.jpg,800,600,bottle,340,223,484,295
DSCN2769.jpg,800,600,bottle,306,274,396,433
DSCN2770.jpg,800,600,bottle,325,303,502,374
DSCN2771.jpg,800,600,bottle,345,247,465,393
DSCN2772.jpg,800,600,bottle,170,210,249,268
DSCN2772.jpg,800,600,bottle,612,355,689,406
DSCN2773.jpg,800,600,bottle,299,179,437,340
DSCN2774.jpg,800,600,bottle,403,256,594,398
DSCN2775.jpg,800,600,bottle,315,258,494,444
DSCN2776.jpg,800,600,bottle,294,250,500,401
DSCN2777.jpg,800,600,bottle,391,216,514,316
DSCN2778.jpg,800,600,bottle,433,368,528,471
DSCN2779.jpg,800,600,bottle,267,371,370,502
DSCN2780.jpg,800,600,bottle,400,375,457,472
DSCN2780.jpg,800,600,bottle,614,424,734,461
DSCN2780.jpg,800,600,bottle,200,321,250,379
DSCN2781.jpg,800,600,bottle,282,213,358,377
DSCN2781.jpg,800,600,bottle,91,160,152,240
DSCN2781.jpg,800,600,bottle,583,260,795,335
DSCN2782.jpg,800,600,bottle,162,109,245,231
DSCN2782.jpg,800,600,bottle,581,211,720,458
DSCN2783.jpg,800,600,bottle,160,261,315,369
DSCN2784.jpg,800,600,bottle,200,289,294,345
DSCN2784.jpg,800,600,bottle,328,284,386,391
DSCN2784.jpg,800,600,bottle,549,342,662,383
DSCN2786.jpg,800,600,bottle,118,361,253,472
DSCN2786.jpg,800,600,bottle,258,182,326,280
DSCN2786.jpg,800,600,bottle,405,169,553,268
DSCN2786.jpg,800,600,bottle,570,97,713,163
DSCN2787.jpg,800,600,bottle,301,272,417,335
DSCN2787.jpg,800,600,bottle,320,88,441,201
DSCN2787.jpg,800,600,bottle,491,334,620,456
DSCN2788.jpg,800,600,bottle,73,173,164,247
DSCN2788.jpg,800,600,bottle,245,187,304,327
DSCN2788.jpg,800,600,bottle,358,347,442,464
DSCN2788.jpg,800,600,bottle,570,335,771,396
DSCN2789.jpg,800,600,bottle,82,284,199,336
DSCN2789.jpg,800,600,bottle,258,247,340,377
DSCN2789.jpg,800,600,bottle,438,339,489,453
DSCN2789.jpg,800,600,bottle,580,276,736,342
DSCN2790.jpg,800,600,bottle,229,416,362,541
DSCN2790.jpg,800,600,bottle,305,298,497,362
DSCN2790.jpg,800,600,bottle,520,212,629,279
DSCN2790.jpg,800,600,bottle,519,19,583,147
DSCN2791.jpg,800,600,bottle,118,227,250,272
DSCN2791.jpg,800,600,bottle,440,190,503,347
DSCN2791.jpg,800,600,bottle,588,259,758,363
DSCN2791.jpg,800,600,bottle,331,134,405,231
DSCN2792.jpg,800,600,bottle,115,191,267,244
DSCN2792.jpg,800,600,bottle,370,90,437,206
DSCN2792.jpg,800,600,bottle,508,179,586,347
DSCN2792.jpg,800,600,bottle,668,263,800,360
DSCN2793.jpg,800,600,bottle,402,186,555,272
DSCN2793.jpg,800,600,bottle,546,93,673,164
DSCN2793.jpg,800,600,bottle,145,394,276,530
DSCN2793.jpg,800,600,bottle,253,214,330,309
DSCN2794.jpg,800,600,bottle,273,339,368,416
DSCN2794.jpg,800,600,bottle,155,409,250,440
DSCN2794.jpg,800,600,bottle,487,255,571,321
DSCN2794.jpg,800,600,bottle,428,348,479,432
DSCN2795.jpg,800,600,bottle,284,400,403,443
DSCN2795.jpg,800,600,bottle,224,486,310,564
DSCN2795.jpg,800,600,bottle,435,164,491,266
DSCN2796.jpg,800,600,bottle,481,462,517,561
DSCN2796.jpg,800,600,bottle,414,339,493,445
DSCN2796.jpg,800,600,bottle,412,228,502,275
DSCN2797.jpg,800,600,bottle,512,337,564,464
DSCN2797.jpg,800,600,bottle,613,416,707,493
DSCN2797.jpg,800,600,bottle,232,304,351,353
DSCN2798.jpg,800,600,bottle,460,184,571,248
DSCN2798.jpg,800,600,bottle,572,116,676,172
DSCN2798.jpg,800,600,bottle,274,330,361,416
DSCN2799.jpg,800,600,bottle,351,439,389,545
DSCN2799.jpg,800,600,bottle,346,232,458,284
DSCN2799.jpg,800,600,bottle,407,103,464,184
DSCN2800.jpg,800,600,bottle,273,106,321,189
DSCN2800.jpg,800,600,bottle,339,192,393,302
DSCN2800.jpg,800,600,bottle,487,369,571,450
DSCN2802.jpg,800,600,bottle,288,207,462,363
DSCN2803.jpg,800,600,bottle,320,226,564,356
DSCN2804.jpg,800,600,bottle,336,218,484,438
DSCN2805.jpg,800,600,bottle,276,202,453,406
DSCN2806.jpg,800,600,bottle,302,297,527,361
DSCN2807.jpg,800,600,bottle,276,277,497,355
DSCN2809.jpg,800,600,bottle,253,287,312,491
DSCN2809.jpg,800,600,bottle,398,190,571,254
DSCN2810.jpg,800,600,bottle,110,164,315,229
DSCN2810.jpg,800,600,bottle,373,290,465,457
DSCN2811.jpg,800,600,bottle,324,163,383,285
DSCN2811.jpg,800,600,bottle,405,284,508,495
DSCN2811.jpg,800,600,tire,676,89,800,295
DSCN2812.jpg,800,600,bottle,422,275,496,411
DSCN2812.jpg,800,600,bottle,260,136,348,343
DSCN2812.jpg,800,600,tire,1,485,215,600
DSCN2813.jpg,800,600,bottle,239,225,342,365
DSCN2813.jpg,800,600,bottle,481,243,615,434
DSCN2814.jpg,800,600,bottle,220,289,342,503
DSCN2814.jpg,800,600,bottle,408,151,591,210
DSCN2815.jpg,800,600,bottle,426,81,631,253
DSCN2815.jpg,800,600,bottle,345,396,513,492
DSCN2816.jpg,800,600,bottle,222,230,315,473
DSCN2816.jpg,800,600,bottle,492,206,666,338
gettyimages-1027624532-612x612.jpg,612,392,tire,40,145,425,364
gettyimages-1027624532-612x612.jpg,612,392,tire,32,120,111,159
gettyimages-1027624532-612x612.jpg,612,392,tire,378,105,429,130
gettyimages-1148665393-612x612.jpg,612,408,tire,414,150,612,301
gettyimages-1148665393-612x612.jpg,612,408,tire,225,176,417,327
hqdefault.jpg,480,360,tire,109,234,259,317
hqdefault.jpg,480,360,tire,237,202,350,265
hqdefault.jpg,480,360,tire,351,185,412,213
hqdefault.jpg,480,360,tire,322,174,370,194
hqdefault.jpg,480,360,tire,66,215,144,261
hqdefault.jpg,480,360,tire,146,208,241,250
https___blogs-images.forbes.com_davidbressan_files_2019_03_PIERDOMENICOetal_2019_benthic_litter_01.jpg,960,540,tire,64,181,621,540
il_570xN.1835030262_r7bl.jpg,570,760,tire,278,279,523,615
imag17.jpg,269,187,tire,71,49,189,163
images (1).jpg,275,183,tire,150,63,233,146
images (2).jpg,276,183,tire,74,48,239,157
images (3).jpg,259,194,tire,27,5,252,190
images (4).jpg,226,223,tire,3,2,226,222
images (6).jpg,259,194,tire,113,122,204,187
images (6).jpg,259,194,tire,35,112,98,158
images (7).jpg,276,183,tire,75,49,237,157
images.jpg,264,191,tire,7,78,264,190
img3.jpg,610,420,tire,157,188,296,326
img3.jpg,610,420,tire,143,117,208,181
img3.jpg,610,420,tire,41,69,119,128
img3.jpg,610,420,tire,370,152,447,229
img3.jpg,610,420,tire,363,257,444,339
img3.jpg,610,420,tire,425,308,504,383
img3.jpg,610,420,tire,496,104,581,176
img4.jpg,505,291,tire,117,63,349,257
istockphoto-859684076-612x612.jpg,612,408,tire,46,72,569,408
istockphoto-887227288-612x612.jpg,612,408,tire,271,213,511,341
kazuhisa0111-img600x450-1482459866w9tqh518302.jpg,600,450,tire,26,172,308,442
kazuhisa0111-img600x450-1482459866w9tqh518302.jpg,600,450,tire,312,178,590,450
kazuhisa0111-img600x450-1482459866w9tqh518302.jpg,600,450,tire,325,9,552,211
kazuhisa0111-img600x450-1482459866w9tqh518302.jpg,600,450,tire,97,4,325,194
malik_naumannmarine_photobank.512x640.jpg,400,500,tire,192,239,400,413
malik_naumannmarine_photobank.512x640.jpg,400,500,tire,272,150,396,208
malik_naumannmarine_photobank.512x640.jpg,400,500,tire,321,121,389,164
malik_naumannmarine_photobank.512x640.jpg,400,500,tire,322,94,400,130
marine-pollution-on-bottom-red-600w-171272501.jpg,600,420,tire,257,124,431,277
marine-pollution-tropical-reef-red-600w-171272495.jpg,600,420,tire,237,223,491,384
musa2-e1471009185173.jpg,1000,563,tire,128,354,350,540
musa2-e1471009185173.jpg,1000,563,tire,745,228,862,370
nhp-zb777-251818-0490.jpg,300,199,tire,88,5,272,187
old-abandoned-tyre-tire-littering-600w-1159603621.jpg,400,280,tire,104,47,301,222
old-abandoned-tyre-tire-littering-600w-1159603627.jpg,400,280,tire,126,109,301,244
old-abandoned-tyre-tire-littering-600w-1159603633.jpg,400,280,tire,106,115,276,234
old-rubber-car-tire-on-600w-1066138754.jpg,400,280,tire,130,145,234,220
old-tire-lying-shallow-water-600w-601169900.jpg,400,280,tire,76,56,316,213
old-tire-used-refuge-crayfish-600w-1139988866.jpg,600,420,tire,57,258,215,376
old-tire-used-refuge-crayfish-600w-1139988866.jpg,600,420,tire,232,230,365,322
old-tire-used-refuge-crayfish-600w-1139988866.jpg,600,420,tire,81,195,193,265
old-tire-used-refuge-crayfish-600w-1139988866.jpg,600,420,tire,228,165,314,218
old-tire-used-refuge-crayfish-600w-1139988866.jpg,600,420,tire,354,180,445,237
old-tire-used-refuge-crayfish-600w-1139988866.jpg,600,420,tire,426,162,501,205
old-tire-used-refuge-crayfish-600w-1139988866.jpg,600,420,tire,306,147,373,179
old-tire-used-refuge-crayfish-600w-1139988866.jpg,600,420,tire,388,135,446,167
old-tire-used-refuge-crayfish-600w-1139988866.jpg,600,420,tire,430,125,475,151
old-tire-used-refuge-crayfish-600w-1139988866.jpg,600,420,tire,313,120,370,147
old-tires-stacked-isolated-stock-photo_csp29991742.jpg,450,396,tire,201,59,428,314
old-tires-stacked-isolated-stock-photo_csp29991742.jpg,450,396,tire,44,114,229,223
Old-tyre-1024x699.jpg,1024,699,tire,443,477,827,657
old-tyre-is-lying-in-the-water-coastline-environmental-pollution-w4ac3t.jpg,450,320,tire,44,56,315,231
oldTire.jpg,500,341,tire,34,9,482,326
one-dirty-tires-dumped-bottom-600w-1307184916.jpg,600,420,tire,98,84,495,305
Phuket-Dive-Clean-up-from-Sept-2010-Sea-Fun-Divers-Roger-with-his-new-tire.jpeg,960,540,tire,369,266,523,425
polluted-shallow-river-tires-under-600w-785548810.jpg,600,453,tire,308,189,387,260
polluted-shallow-river-tires-under-600w-785548810.jpg,600,453,tire,369,210,526,358
pollution-ocean-old-rubber-tire-600w-597874445.jpg,600,420,tire,110,157,492,395
pollution-of-sea-water-car-tire-under-stock-photo_csp62597447.jpg,450,319,tire,176,127,356,214
rubber-tire-under-water-sea-600w-1417708001.jpg,600,470,tire,197,89,506,292
rubber-tire-under-water-sea-600w-1417708025.jpg,600,470,tire,189,170,411,360
sl1.jpg,800,600,bottle,645,245,774,407
sl1.jpg,800,600,tire,36,21,445,398
sl2.jpg,800,600,bottle,358,131,526,214
sl2.jpg,800,600,bottle,3,303,122,494
sl2.jpg,800,600,tire,576,352,800,597
sl3.jpg,800,600,bottle,123,367,300,458
sl4.jpg,800,600,bottle,176,382,336,592
sl4.jpg,800,600,tire,92,16,582,366
sl5.jpg,800,600,bottle,34,364,276,554
sl5.jpg,800,600,tire,113,1,641,344
sl6.jpg,800,600,bottle,499,368,671,498
sl6.jpg,800,600,tire,118,159,476,538
sunken-tire-ornate-butterflyfish-600w-33301765.jpg,600,424,tire,159,119,421,334
tir43.jpg,712,454,tire,150,322,363,447
tir43.jpg,712,454,tire,439,292,692,446
tir43.jpg,712,454,tire,582,204,701,356
tir43.jpg,712,454,tire,308,222,505,365
tir43.jpg,712,454,tire,408,146,564,243
tir43.jpg,712,454,tire,558,110,701,221
tir43.jpg,712,454,tire,209,177,371,281
tir43.jpg,712,454,tire,66,219,214,317
tir43.jpg,712,454,tire,161,118,270,182
tir43.jpg,712,454,tire,323,86,438,153
tir43.jpg,712,454,tire,439,64,567,120
tir43.jpg,712,454,tire,601,13,701,90
tir43.jpg,712,454,tire,503,6,619,65
tir43.jpg,712,454,tire,284,40,374,85
tir43.jpg,712,454,tire,211,68,289,106
tir43.jpg,712,454,tire,86,78,167,112
tir43.jpg,712,454,tire,82,112,180,180
tir43.jpg,712,454,tire,5,156,93,211
tire-350.jpg,200,151,tire,32,20,161,140
tire-debris-in-ocean.jpg,650,448,tire,62,80,480,381
tire-polluting-ocean-water-600w-492349825.jpg,600,420,tire,120,176,452,342
tire-sea-600w-1333866428.jpg,600,492,tire,129,90,472,413
tire-tidepool-teaming-sea-critters-600w-701877031.jpg,400,280,tire,52,13,345,266
tire-under-fresh-water-pier-600w-1492055576.jpg,401,620,tire,103,297,320,440
tire-under-water-600w-401957716.jpg,400,620,tire,72,63,356,345
tire-water-600w-741063331.jpg,600,420,tire,75,1,418,223
tire-wheel-sea-600w-1167431545.jpg,300,309,tire,16,22,275,279
tire.jpg,471,266,tire,148,51,311,199
tires-bottom-powell-lake-600w-34238185.jpg,600,470,tire,136,238,366,362
tires-bottom-powell-lake-600w-34238185.jpg,600,470,tire,203,163,331,226
tires-corals-growing-on-ship-600w-755636137.jpg,600,420,tire,167,172,324,257
tires-corals-growing-on-ship-600w-755636137.jpg,600,420,tire,320,168,500,273
tires-landfill-pollution-picture_csp47565371.jpg,300,470,tire,12,206,244,415
tires-landfill-pollution-picture_csp47565371.jpg,300,470,tire,105,117,236,196
tires-landfill-pollution-picture_csp47565371.jpg,300,470,tire,163,95,250,137
tires-landfill-pollution-picture_csp47565371.jpg,300,470,tire,241,103,300,160
tires-landfill-pollution-picture_csp47565371.jpg,300,470,tire,119,76,185,108
tires-landfill-pollution-picture_csp47565371.jpg,300,470,tire,110,56,157,90
tires-landfill-pollution-picture_csp47565371.jpg,300,470,tire,74,80,109,100
tires-landfill-pollution-picture_csp47565371.jpg,300,470,tire,20,61,56,85
tires-landfill-pollution-picture_csp47565371.jpg,300,470,tire,28,22,67,51
tires-landfill-pollution-picture_csp47565371.jpg,300,470,tire,62,42,107,65
tires.jpg,500,333,tire,14,82,228,201
tires.jpg,500,333,tire,156,148,482,333
tires.jpg,500,333,tire,265,104,476,195
tires.jpg,500,333,tire,202,58,340,134
UnderwaterMuseumSubmergedVW.jpg,400,260,tire,139,141,224,249
Untitled.jpg,647,388,tire,184,145,425,323
Untitled1.jpg,482,256,tire,98,21,353,194
Untitled11.jpg,488,276,tire,77,117,260,253
Untitled11.jpg,488,276,tire,259,95,455,246
Untitled23.jpg,397,265,tire,35,51,230,242
Untitled234.jpg,300,231,tire,35,9,222,183
Untitled32623.jpg,400,276,tire,48,96,338,251
Untitled32623.jpg,400,276,tire,24,63,106,90
Untitled346tg.jpg,300,402,tire,8,236,211,361
Untitled567778.jpg,500,350,tire,49,128,245,305
Untitled567778.jpg,500,350,tire,324,226,436,322
Untitled567778.jpg,500,350,tire,408,289,488,326
Untitled567778.jpg,500,350,tire,340,87,437,185
Untitled567778.jpg,500,350,tire,33,31,127,115
Untitledrezgh.jpg,400,308,tire,69,55,300,260
Untitledsdf.jpg,400,276,tire,202,82,371,232
Untitledtire.jpg,400,280,tire,18,90,190,165
Untitledwert.jpg,400,280,tire,70,61,271,191
Untitledwert5.jpg,400,313,tire,24,99,179,224
Wast-tires-in-Jasper-Indiana.jpg,500,305,tire,201,188,376,302
Wast-tires-in-Jasper-Indiana.jpg,500,305,tire,273,130,365,209
Wast-tires-in-Jasper-Indiana.jpg,500,305,tire,196,133,281,202
Wast-tires-in-Jasper-Indiana.jpg,500,305,tire,165,94,249,146
Wast-tires-in-Jasper-Indiana.jpg,500,305,tire,271,91,357,162
Wast-tires-in-Jasper-Indiana.jpg,500,305,tire,134,88,204,129
wfm-eda52229.jpg,300,199,tire,63,72,192,159
wfm-eda52230.jpg,400,266,tire,124,88,300,220
ym-tyres.jpg,1170,658,tire,733,284,954,394
ym-tyres.jpg,1170,658,tire,547,207,760,326
ym-tyres.jpg,1170,658,tire,732,197,933,291
ym-tyres.jpg,1170,658,tire,436,124,634,219
ym-tyres.jpg,1170,658,tire,634,122,807,219
ym-tyres.jpg,1170,658,tire,592,77,750,145
ym-tyres.jpg,1170,658,tire,881,36,1004,102
